{"train_accuracy": 0.8680656982415439, "train_precision": 0.5292424865309302, "train_recall": 0.8822362488728585, "train_f1": 0.661599632144113, "test_accuracy": 0.8466119997300399, "test_precision": 0.48518081488165477, "test_recall": 0.806786703601108, "test_f1": 0.6059555285856704}